confidence_variance,confidence_std,entropy_variance,max_confidence_drop,max_confidence_spike,n_transitions,mean_abs_delta,confidence_slope,slope_r_squared,head_confidence,tail_confidence,head_tail_ratio,min_pos_relative,recovery_after_min,mean_drop_recovery,entropy_confidence_corr,mean_top5_spread,confidence_skew,confidence_kurtosis,mean_confidence,mean_entropy,label,category
0.016012262605390525,0.12653956932671506,7.791260616352372,-0.18677626829594374,0.3412654558196664,3,0.18221224636945407,0.03528064043119749,0.22672896962822306,0.09771230218029814,0.17361291451379657,1.7767764187540014,0.0,0.13008870264457073,-0.18677626829594374,-0.7109204069144319,0.1931904403027147,0.8484694407015385,-0.71941298741219,0.10847909362685944,7.550937334696452,france_capital_true,true
0.016802099979796273,0.1296229145629594,7.912317870853758,-0.18677626829594374,0.3526646983518731,3,0.18503926020057407,0.03628377185045143,0.2285325621239454,0.09771230218029814,0.1765767091565067,1.807108266162613,0.0,0.13127422050165477,-0.18677626829594374,-0.7155761134808182,0.1901914506064107,0.8739791318853236,-0.6646369214225336,0.10946702517442948,7.535733977953593,france_capital_false,false
0.01660263171353012,0.12885119989169724,6.8421501912049445,-0.19267668458633125,0.3392676543444395,3,0.18889746188360731,0.03849130882341082,0.2602766578295563,0.09771230218029814,0.184925832785666,1.892554248237715,0.0,0.13702727324271108,-0.19267668458633125,-0.7097602699773763,0.18010931904427707,0.8228047922588252,-0.7032678454487531,0.1142612357919764,7.813879569371541,japan_capital_true,true
0.013811299182513967,0.11752148391895827,7.330476002389692,-0.19267668458633125,0.30996815259277355,3,0.18606533360725735,0.03084535477433487,0.2009239949741704,0.09771230218029814,0.15513722153991694,1.587693851434278,0.0,0.12511182874441146,-0.19267668458633125,-0.7229877727034929,0.184204331987227,0.6322185274725171,-1.073521683361155,0.10433169871006005,7.746924638748169,japan_capital_false,false
0.15060045694230606,0.38807274697188676,16.116845463164452,-0.5995506048202515,0.9967928526602918,6,0.334539654117959,0.10803780865500726,0.40689705571809304,0.09771691408968763,0.652207612991333,6.674459773926862,0.0,0.3795533701777458,-0.5995506048202515,-0.8923431186938969,0.38097983995703544,0.8878423484283295,-0.9039359115449006,0.3321810403285781,5.780972634442151,australia_capital_true,true
0.014150800967187115,0.11895713920226526,7.472691723112205,-0.19266686658374965,0.30735068768262863,5,0.20080178647476715,0.032481597178931614,0.21746057296762059,0.09771230218029814,0.15761742368340492,1.613076552338953,0.0,0.13411670318746474,-0.17319700156804174,-0.7432940781764961,0.17442037793807685,0.4615235409553391,-1.2777452508916112,0.11183576074593778,7.6895930369695025,australia_capital_false,false
0.06278954843127048,0.2505784277053204,12.32315167977807,-0.5704047530889511,0.6972882971167564,4,0.2896737183133761,0.0737511673276978,0.3465057365814233,0.0004449107509572059,0.461815781891346,1037.9962208109105,0.16666666666666666,0.2476091745425947,-0.5704047530889511,-0.8145054948285798,0.23003870015963912,1.520311018806161,0.9324826367322614,0.177223512512033,8.037928444998604,largest_ocean_true,true
0.042823069632680684,0.20693735678383612,11.48336455971994,-0.4125099331140518,0.5476185828447342,4,0.23591632147630057,0.0671517019426184,0.42120764461489435,0.0004449107509572059,0.40607332438230515,912.7071715797816,0.16666666666666666,0.22830816089408473,-0.4125099331140518,-0.8216300107779485,0.20947498196203793,1.2557446417333733,0.33496225936911816,0.16343707419166872,8.10960146359035,largest_ocean_false,false
0.02647253704318094,0.16270383229408256,6.900877730245718,-0.3890304244123399,0.2914460524916649,6,0.20271523728479224,0.012833458673170149,0.041476357491367466,0.08793895382647558,0.2010496216826141,2.2862407693717692,0.0,0.21670769751654007,-0.31411772477440536,-0.6103885053289908,0.23972293165408903,0.06474589609798412,-1.5693542547825894,0.1927707651161149,7.617553922865126,longest_river_true,true
0.02657237692762991,0.1630103583445847,6.2751245928680355,-0.38933620136231184,0.2914460524916649,6,0.19726308622375655,0.00986958566645626,0.02443859187376232,0.08793895382647558,0.186204775236547,2.117432229091899,0.0,0.2111408800992649,-0.3142706132493913,-0.5986077628831656,0.23133100952125257,0.1536543225212809,-1.5654906094732066,0.18782248296742587,7.706326378716363,longest_river_false,false
0.08741801061684414,0.2956653693228954,10.441440061369068,-0.4941086769104004,0.9916085200384259,6,0.3313467317380451,0.0243431240624473,0.05592495643335451,0.1100469091082535,0.17891430854797363,1.6258003958057106,0.0,0.27698733666814707,-0.4040018611121923,-0.682762197474609,0.3840683402129798,1.4818235664482617,1.3107731310423318,0.24942926296353107,5.508972426503897,tallest_mountain_true,true
0.07625082302696357,0.2761355156928633,9.961678066709688,-0.614448755979538,0.994273264426738,4,0.2426406570236643,0.030446449832140444,0.1448717061810318,0.030905868126865244,0.21442216262221336,6.937910983384854,0.0,0.1935807579152011,-0.46205398440361023,-0.6954569281615908,0.2998786133633378,2.142071432697335,3.6329961395508032,0.17760117347036916,6.140324810286984,tallest_mountain_false,false
0.13910578513761565,0.3729688795832913,8.777216166922893,-0.9759165793657303,0.9009385652607307,5,0.31143061026225705,0.05372374275597954,0.24725331408653836,0.01832005244523316,0.33502957728342153,18.287588229139416,0.0,0.329264489627266,-0.7293761298060417,-0.85729438419787,0.37672275624693913,0.9048837339049794,-0.9032287287928265,0.3018609471416009,4.81252293040355,water_boiling_true,true
0.13198118488067667,0.3632921481131634,8.438419161373199,-0.9759681057184935,0.9027205151505768,6,0.312972948622866,0.05322978853239563,0.2558304590514342,0.017365515607707493,0.3339359344681725,19.229831125600185,0.0,0.3229591011454018,-0.7337321555241942,-0.8544436239822092,0.35989840063120937,0.9195901056764405,-0.8090527293893546,0.29608100769989204,4.873020451515913,water_boiling_false,false
0.00689774700225797,0.08305267606921507,7.281690026954456,-0.10704591125249863,0.1647919207898667,1,0.0774396544748015,0.039388274436350915,0.4498385233802962,3.507045767037198e-05,0.09570186585187912,2728.8378688294765,0.0,0.11587463224350358,-0.10704591125249863,-0.7231626991163909,0.11473486786708235,0.04181219169304442,-1.651063397436253,0.09273477625247324,7.865457820892334,earth_orbit_true,true
0.013899603624801435,0.1178965802082547,6.935346775423786,-0.2238791212439537,0.3223451349349489,2,0.1386708360942066,0.027847986467713783,0.11158740511451797,9.896573465084657e-05,0.09010589122772217,910.4747264105592,0.25,0.17029916228966613,-0.2238791212439537,-0.6549528469920515,0.13533472819253803,1.0417648506736237,-0.3428660581331049,0.1022149329084641,8.35116491317749,earth_orbit_false,false
0.048695996712016416,0.2206716944060031,6.066577036871377,-0.5706100493844133,0.5601742314174771,3,0.3345369254147954,0.0383419387813774,0.06037885529724144,3.578185715014115e-05,0.1969633847475052,5504.5447603954835,0.0,0.1946353739767801,-0.5706100493844133,-0.8629341608107698,0.20760877393186092,1.1353252084868213,-0.359571044095484,0.15574408103857423,6.946326494216919,light_vs_sound_true,true
0.04832083033165292,0.2198199952953619,4.77243079681126,-0.5679015831556171,0.5645171771757305,2,0.3155155209133227,0.02491334287042264,0.025689734581098904,5.865823186468333e-05,0.1263175755739212,2153.4464339238016,0.0,0.17549175945168827,-0.5679015831556171,-0.856515449182119,0.20855197161436081,1.336920243525553,-0.005109118065228291,0.14045206579321529,6.878255081176758,light_vs_sound_false,false
0.0011370091730555118,0.033719566620220846,5.214775815869508,-0.09679069742560387,0.08331281319260597,0,0.0560306366533041,0.002282202642943178,0.018323331163494626,0.056961068883538246,0.042202217504382133,0.7408958128327714,0.8333333333333334,0.06774230673909187,-0.07622739113867283,-0.6705613748943225,0.08187008715633835,0.32429492030207496,-1.2656753871958688,0.04838803144437926,8.608192988804408,diamond_composition_true,true
0.002748927175901155,0.052430212434255455,6.035071936182889,-0.10101842554286122,0.15661044092848897,1,0.07154661370441318,0.011048836999439766,0.17763555194970906,0.056961068883538246,0.08240855648182333,1.4467522810296871,0.8333333333333334,0.15661044092848897,-0.07834125519730151,-0.7233893283229774,0.09960809496364423,0.7797727664743666,-0.6546049606770739,0.059875556866505315,8.445118154798235,diamond_composition_false,false
0.01259870326042864,0.11224394531745861,4.3991354686715605,-0.2280743248993531,0.27930494921747595,3,0.14291146074477487,0.0361597677174359,0.4151312319532903,7.70201859268127e-05,0.1409301023813896,1829.77900803051,0.0,0.09536421897064429,-0.2280743248993531,-0.7501618990135792,0.1477040734275111,0.8996338372792083,-1.010312712348761,0.08179958436552884,8.49128600529262,gold_symbol_true,true
0.006158220292758024,0.07847432887739801,3.616399189248893,-0.22888417192734778,0.2289355970278848,2,0.11002531902765138,0.014787291748429457,0.14203064317807243,7.70201859268127e-05,0.041056906688027084,533.0661421724759,0.0,0.062073153739523455,-0.22888417192734778,-0.7003910647046232,0.12006041494065098,1.4447989521608622,0.7430495982712588,0.0532643855959967,8.754855155944824,gold_symbol_false,false
0.038089116106254546,0.19516433102965958,6.349153792635641,-0.5793945272453129,0.583542448701337,2,0.2313270408170259,0.02608934559533996,0.07148015214575335,0.05906295031309128,0.0777172555681318,1.3158376786897832,0.3333333333333333,0.18521831026737345,-0.5793945272453129,-0.8011865299541542,0.17774845806083509,1.7788346862541602,1.546500584521592,0.12272985472580851,7.757202795573643,chromosomes_true,true
0.06506505597660962,0.2550785290388229,7.787288157437901,-0.7550221169367433,0.7594993418024387,2,0.28614826636233676,0.029948071223251254,0.05513785896474776,0.05906295031309128,0.06646444974467158,1.125315435138502,0.3333333333333333,0.22319471181981498,-0.7550221169367433,-0.7633254661945971,0.2094519126362034,1.9182117484495933,1.8858927345278342,0.14447811073374137,7.297742911747524,chromosomes_false,false
0.0871712388681838,0.2952477584473484,9.684603807795513,-0.8502367297187448,0.8387440573424101,8,0.3909856498761325,0.03444909216394755,0.16223222933101428,0.15531318892863055,0.3522415121551603,2.267943336674568,0.0,0.26603296118066116,-0.7172241588123143,-0.772312599945119,0.3199262428097427,1.1444817929284032,-0.01626554862620866,0.24394298126268646,5.7413353224595385,speed_of_light_true,true
0.09979046315785282,0.3158962854448479,10.289006784876028,-0.8384268637746572,0.9106570240110159,8,0.4048385829592007,0.040007227448227774,0.19113607506044816,0.15531318892863055,0.4030990065075457,2.595394563904281,0.0,0.2845265954906195,-0.7492041913792491,-0.802672431767061,0.338015483187822,1.1667208450391593,0.042148395982315456,0.2608954793801483,5.675426994760831,speed_of_light_false,false
0.05563043776992386,0.2358610560688726,7.206840162368214,-0.479842989705503,0.6502851638942957,6,0.261945451963005,0.03394570957729471,0.24683804409446666,0.05764812343477388,0.2733652426395565,4.741962545834819,0.0,0.24098477664070247,-0.4796547028236091,-0.8358076791881341,0.2549624837314089,0.8505632264756746,-0.8560447191191058,0.22106837262617773,6.501734793186188,abundant_element_true,true
0.058117916408712646,0.24107657789323425,9.54134998901234,-0.3957875892519951,0.6826426163315773,5,0.22679032888263465,0.04405643132261255,0.3339708752175946,0.05819009058177471,0.4529094298680623,7.783274171970224,0.0,0.26897588931024075,-0.3449789248406887,-0.8989005223620363,0.26030696428973565,0.5730101506911843,-1.171127162293658,0.25788920118727465,6.849563208493319,abundant_element_false,false
0.015487466405398451,0.12444864967286086,5.351423220500952,-0.2332957312464714,0.29877725278493017,5,0.21485961792059244,0.04202487138432583,0.3325976734046556,0.08232281100936234,0.1808917559683323,2.197346683509451,0.4,0.21921353822108358,-0.19598957541165873,-0.8814597444197854,0.13213171592603126,0.2464422266172643,-1.6182332416280691,0.1380210894664439,7.34951651096344,ww2_end_true,true
0.01890598216598072,0.13749902605466235,5.230122388668186,-0.2983327693073079,0.31483050051610917,5,0.24525306187570095,0.039577860072521225,0.24165298931966608,0.08232281100936234,0.15931980876484886,1.9353057386876562,0.4,0.20483224008542797,-0.22850809444207698,-0.8427387888603771,0.13315959554165602,0.3197746372040412,-1.6804767916584595,0.1308304403986161,7.365761796633403,ww2_end_false,false
0.010831968253706475,0.10407674213630284,9.25735620135755,-0.1346745900809765,0.2668785862624645,1,0.12813926660164726,0.04304394114421614,0.4988884822536491,0.02406661201530369,0.15436084009706974,6.413899860833067,0.0,0.10356979792413767,-0.1346745900809765,-0.8464719940010529,0.12304914890167613,1.0344996820609555,-0.4650565801177651,0.08643640038644662,7.967678705851237,berlin_wall_true,true
0.010308623991796372,0.10153139411923966,9.06989653314711,-0.15367854537907988,0.27092764677945524,2,0.13274986976466607,0.03927861714993404,0.43651430285749293,0.02406661201530369,0.1373814150574617,5.708381985767843,0.0,0.09677802790829446,-0.15367854537907988,-0.8212910271414794,0.12311642857578893,0.9616174045830366,-0.6390561980082476,0.08077659203991061,7.988693952560425,berlin_wall_false,false
0.12238468340269582,0.3498352232161533,9.16945180322809,-0.8394061177968979,0.8899158544591046,2,0.43548568141341093,0.09695593863725663,0.1536214136551732,0.006128894165158272,0.05061240494251251,8.257999363806206,0.5,0.47021279556065565,-0.8394061177968979,-0.9106279861257275,0.23549979953095318,1.4904207944523042,0.23672569140754351,0.19125772960978793,6.422904896736145,shakespeare_true,true
0.11964383730929135,0.3458957029355689,10.617593206802342,-0.8644374758005142,0.9439751701429486,2,0.36399620175361636,0.09081361668982675,0.201047375737269,0.007777526043355465,0.5129114910960197,65.94789675303282,0.6,0.5117564322426915,-0.8644374758005142,-0.9118667403006866,0.2194504745712038,1.7637015261510176,1.1522030369324083,0.17419051270311078,6.850589682658513,shakespeare_false,false
0.009063736201532483,0.09520365645043515,7.352046704873828,-0.08351915562525392,0.26872273767367005,1,0.09153737894424314,0.03181801182186714,0.44678523460349795,0.0059315442595107015,0.14165170746855438,23.881083725088985,0.16666666666666666,0.10376739333878504,0.0,-0.778621595877857,0.11982348847336002,1.1447213075140892,-0.019040008194492142,0.07586461915031707,7.959578990936279,moon_landing_true,true
0.00806258115236243,0.08979187687292448,7.401625115075204,-0.08328406140208244,0.2503536753356457,1,0.08843668618404384,0.029891879111216574,0.44329448344852823,0.0059315442595107015,0.13270227052271366,22.372296737516162,0.16666666666666666,0.10018761856044875,0.0,-0.779317846880458,0.12373760282727224,1.0582756011263177,-0.23240278430969274,0.07330763716579115,7.954075608934675,moon_landing_false,false
0.005268858952539415,0.07258690620586757,8.420740971591766,-0.12903864542022347,0.13285436370642856,0,0.09794960839826672,0.024266657343235108,0.4470574474802902,0.03143965431263496,0.14906002208590508,4.741146964579893,0.0,0.0832006467935571,-0.12903864542022347,-0.7286545418093707,0.1790117477066815,0.6090868893520216,-0.9050520995800091,0.07135751660150293,7.237459863935198,roman_fall_true,true
0.005525394722879918,0.07433299888259533,7.50437678684659,-0.13342598880262813,0.14855068176984787,0,0.10044365613127108,0.02262618497882483,0.37061189100290415,0.03143965431263496,0.1371261514723301,4.361566754920241,0.6666666666666666,0.1370867160949274,-0.13342598880262813,-0.6780693821862954,0.1484844896809331,0.8258065528865196,-0.609517379770451,0.06732107594299512,7.4054461887904575,roman_fall_false,false
0.035540812148007014,0.18852270989991368,7.542788487316563,-0.5656625181436539,0.662120115943253,3,0.18889879214111716,0.003910117534299692,0.0028678802777246503,0.253043284950157,0.24954086542129517,0.9861588122041349,0.0,0.2240011803805828,-0.5656625181436539,-0.6344612826776154,0.23880973810123074,1.3836936290659465,1.2921247617469982,0.19929620737416875,6.046735737058851,declaration_true,true
0.037781853895002555,0.194375548603734,7.5037469171299325,-0.5656625181436539,0.662120115943253,4,0.22433848644141108,-0.013819804477194948,0.033699951360893834,0.253043284950157,0.11405676106611888,0.4507401215705491,0.0,0.1731946412473917,-0.5656625181436539,-0.6026255224773882,0.22073875615994135,1.8648705909451104,2.281213837779328,0.15413483925577667,6.167350318696764,declaration_false,false
0.002873913792624877,0.053608896580930265,4.063431411995989,-0.03972292318940163,0.14313056087121367,0,0.055463704047724605,0.008981127897277475,0.056132969968862315,0.07892261445522308,0.14332892000675201,1.816069080003211,0.75,0.14313056087121367,0.0,-0.6609673177581655,0.1345345402136445,0.6273077746206124,-1.020390949806424,0.05281064682640135,8.379553413391113,human_lungs_true,true
0.002185890704101153,0.04675351007251918,3.613066044862208,-0.03972292318940163,0.12142097303876653,0,0.05005107310716994,0.0046214911097195,0.019541855443315905,0.07892261445522308,0.12156026810407639,1.5402463386336402,0.75,0.12142097303876653,0.0,-0.5534266173166498,0.13881200086325407,0.40723411836240064,-1.321654784430347,0.04819584846263751,8.288676834106445,human_lungs_false,false
0.0020760093068206845,0.045563245130485215,8.455183864650607,-0.009304904844611883,0.06545531377196312,0,0.03442413013544865,0.028140173689462245,0.762876517625844,0.0002498346148058772,0.11933654546737671,477.6619836843002,0.0,0.04605484171770513,0.0,-0.6462850716843888,0.12969991667196154,0.9447923495125587,-0.6892880309398914,0.03709370798896998,8.051933002471923,heart_chambers_true,true
0.0022151062483726372,0.047064915259380176,8.14693024590537,-0.010122993786353618,0.06836932880105451,0,0.03474941704189405,0.029574969620443883,0.7897398408701843,0.0002498346148058772,0.11900151520967484,476.3209760586698,0.0,0.049521066874149255,0.0,-0.5817524584235854,0.1386646687053144,0.7137566510273028,-1.144853519988259,0.03986668811412528,8.093510246276855,heart_chambers_false,false
0.005415411088784723,0.07358947675302986,4.430083635000571,-0.017929984584043268,0.17508678729791427,1,0.07031090655436856,0.05072882669010141,0.5940024254769565,3.6472036299528554e-05,0.17510922253131866,4801.178112881262,0.6666666666666666,0.17508678729791427,0.0,-0.9773488531666554,0.09028033609502017,1.1213829820036072,-0.6946466686895101,0.04828013740461756,8.56585681438446,dolphins_true,true
0.0005292548190888892,0.023005538878472055,1.90457879767132,-0.017923214070833637,0.056348048679865315,0,0.030729070177282363,0.01510991330997058,0.5392239050082253,3.6472036299528554e-05,0.05637725442647934,1545.762331097893,0.6666666666666666,0.056348048679865315,0.0,-0.9573172589972192,0.07109718746505678,0.8442602841855715,-0.9699486276478386,0.01859883800671014,9.009640216827393,dolphins_false,false
0.004469932284890217,0.06685755219038622,3.169170740367816,-0.1176253049634397,0.15495643857866526,1,0.08169274222746026,0.013273166318374155,0.11495686904990435,0.06149271925823996,0.08548439620062709,1.390154754786792,0.0,0.05978117556369398,-0.1176253049634397,-0.5501980971254565,0.1624862039461732,0.7950704425727073,-1.2382162452130068,0.04989333775544461,8.22213045756022,spider_legs_true,true
0.004033867919575684,0.06351273824655715,3.0004870945550883,-0.1176253049634397,0.13915408868342638,0,0.07967589409381617,0.012355564825702457,0.11037998521108382,0.06149271925823996,0.08343672147020698,1.3568552885769645,0.0,0.058975644770544025,-0.1176253049634397,-0.5056632696982591,0.16026109224185348,0.7497973143096112,-1.3362108388170402,0.04922206209448632,8.217897176742554,spider_legs_false,false
0.11075821767235917,0.3328035722049257,10.288850804592643,-0.8012595474720001,0.9519393611699343,2,0.29622638640770066,0.08800987958758402,0.27973505055612913,0.0025033035199157894,0.571913406252861,228.4634599266469,0.16666666666666666,0.23547166911885142,-0.8012595474720001,-0.8949426581165503,0.24327710926133608,1.927306240035831,1.8885821449001163,0.16925475896070047,6.747246184519359,photosynthesis_true,true
0.11230944164638036,0.3351260086092698,10.652538522983692,-0.7995037287473679,0.92982217669487,2,0.297509582596831,0.0910222237039956,0.2950792056862563,0.0025033035199157894,0.582243837416172,232.59017914724967,0.3333333333333333,0.30427122657420114,-0.7995037287473679,-0.9130431840645564,0.2348583962302655,1.9096805699837953,1.8482946580679398,0.17492909832591458,6.883853839976447,photosynthesis_false,false
0.06003183597324909,0.24501395056863415,9.177228801970603,-0.6823343262076378,0.4283977150917053,6,0.33623191285490367,0.0411223525297828,0.2323957740736533,0.033272726519498974,0.3864799564083417,11.615518043593427,0.1111111111111111,0.3111844772938639,-0.602317504119128,-0.8145309667754317,0.2757842038292438,0.4459073577936957,-1.1898093592120813,0.24921070590498856,7.21000919342041,largest_organ_true,true
0.05577123955000827,0.23615935202741448,9.3149188404287,-0.601918138563633,0.4283977150917053,6,0.3140684786938234,0.04242639206949565,0.2662660854968024,0.033272726519498974,0.4004058415691058,12.034055583964497,0.1111111111111111,0.3164066842291504,-0.5621094102971256,-0.81747062665598,0.2711333137471229,0.4858616474977754,-1.0299575555461096,0.2533884714532178,7.193913078308105,largest_organ_false,false
0.01835356191458671,0.13547531847014316,3.5636952488576124,-0.3822744737844914,0.23926605843007565,4,0.2147358635896429,0.005638765729340125,0.006929593088981965,0.08719125315838028,0.12524253595620394,1.4364116958505402,0.0,0.1592942514786652,-0.2609026584541425,-0.5522121468010862,0.14484524201335652,0.5331597217516371,-0.9339642264563808,0.1366089472888104,8.236588546207972,sqrt_144_true,true
0.01678536867391669,0.12955836010816396,3.4931063848630033,-0.3822744737844914,0.20995309948921204,4,0.2031161665751521,-0.0015243161209842321,0.0005537059523281218,0.08719125315838028,0.09199374262243509,1.055079944198339,0.0,0.14821132036740892,-0.26036589255090803,-0.536168925243419,0.13574043534962194,0.7546217586457242,-0.4139581138600321,0.12710929205059074,8.278688839503697,sqrt_144_false,false
0.005881626354881997,0.07669176197533864,3.463035445909045,0.008669960249790165,0.09987864643335342,0,0.050253791253226154,0.04944968883555703,0.8314950928168822,8.920270374801476e-06,0.20102408528327942,22535.396719752596,0.0,0.08221062941720447,0.0,-0.7492567049310398,0.15867963954806327,0.8595669963874396,-0.856903762208145,0.06577742380413838,7.088402175903321,triangle_sides_true,true
0.005983332357075607,0.07735200292866118,3.724723118706843,0.0021405592560768127,0.10722263157367706,0,0.05045716230119979,0.04895933557909302,0.801231286278672,8.920270374801476e-06,0.20183756947517395,22626.59071257071,0.0,0.0789787866478946,0.0,-0.7811702299687404,0.17296398878097535,0.9240160917806547,-0.7498788135216077,0.06319194958869048,6.890801239013672,triangle_sides_false,false
0.009946195233087983,0.09973061331952182,2.8497497317834672,-0.2894780831411481,0.27531014382839203,2,0.1058770519157406,0.004530765172343566,0.00825555202400674,0.0010196482471656054,0.024437677653622814,23.966770231672612,0.8333333333333334,0.04859972637495957,-0.2894780831411481,-0.3453646486986032,0.11029791486050401,1.935639101308116,1.9161150505430875,0.05231908417356733,7.615805557795933,pi_value_true,true
0.012217946667688717,0.11053482106417288,2.8630476559575926,-0.32070874120108783,0.31121096573770046,2,0.11713161020209857,0.005440048749733248,0.009688741064073622,0.0010196482471656054,0.027906119510589633,27.36837615454623,0.8333333333333334,0.055494860440376215,-0.32070874120108783,-0.2909810463870785,0.11397083502795015,1.931696723460469,1.9018184796358604,0.056716946953591627,7.629753249032157,pi_value_false,false
0.007722781432505909,0.08787935726042782,4.293324388887859,-0.1943023728344997,0.2132244911044836,2,0.08188240547193952,0.005823244288486811,0.017563710349570775,0.09718951945433218,0.12157066632062197,1.2508618920855958,0.16666666666666666,0.06571220701080165,-0.1943023728344997,-0.459110876326362,0.23978166122521674,0.9082200222311826,-1.0263404554420406,0.07473310559258348,6.849928106580462,circle_degrees_true,true
0.0070011234911778785,0.08367271652801693,2.1094832831124912,-0.19426955216476927,0.19161493750289083,2,0.07326852151163621,0.001833421043556882,0.0019205104593243932,0.0972059297891974,0.1019134612288326,1.0484284379049837,0.16666666666666666,0.05176681346638361,-0.19426955216476927,-0.7312019441327087,0.21491782633321627,0.8973331723218028,-1.1230189362919145,0.06480024220633952,7.019592012677874,circle_degrees_false,false
0.13197003092982892,0.3632767965750482,13.36930178189033,-0.800390899181366,0.6251996065257117,6,0.25179567373495293,0.07292479080246954,0.48020851519871777,0.055871868469694164,0.6860809773206711,12.279542368712058,0.0,0.350310037830654,-0.800390899181366,-0.8648745726863889,0.3472603066256852,0.8511342731007472,-0.7776113210080142,0.32124035362843034,6.002753530318539,mona_lisa_true,true
0.10498025638179917,0.3240065684238503,11.420939998506261,-0.9107246771454811,0.672748799144756,6,0.3075915657326631,0.06221497273548845,0.3041838481685815,0.06462023588634717,0.5846403514345487,9.047326158915148,0.0,0.2485784113943939,-0.9107246771454811,-0.8388274118757987,0.2619175018535316,1.4652555993680045,0.6885145871405447,0.22384338920528535,6.942739333957434,mona_lisa_false,false
0.047769748894989895,0.21856291747455672,6.114578463974677,-0.4859917387366295,0.5135369189083576,3,0.18544664687111176,-0.003774834004746351,0.001566037157160778,0.005442608118755743,0.12534680450335145,23.030649913656198,0.0,0.19917710117962478,-0.4859917387366295,-0.6975491283106753,0.22286327561596408,0.8551051833529795,-1.048554999281836,0.17453968698828248,7.346221148967743,great_wall_true,true
0.049289530163453436,0.2220124549737096,6.446094891290215,-0.4859917387366295,0.5135369189083576,3,0.19525499183717848,-6.145932171161153e-05,4.0232790040415874e-07,0.005442608118755743,0.14635874109808356,26.891287268063408,0.0,0.20518051163526252,-0.4859917387366295,-0.7065976004819591,0.2311147775617428,0.7512879036329889,-1.2238178324423792,0.1797926711369655,7.276987552642822,great_wall_false,false
0.002961039149421257,0.054415431170039046,4.364654608146509,6.00135354034137e-05,0.1027547586709261,0,0.0441437871522794,0.04269106736210233,0.7693782235502427,4.985592750017531e-05,0.13248121738433838,2657.2758405966565,0.0,0.05405599259271791,0.0,-0.9824755475410935,0.1337266059126705,0.9955253755619395,-0.813108645250026,0.04059185037203861,8.585712671279907,coffee_true,true
0.0022234511179753777,0.047153484685390726,3.709904170221236,6.00135354034137e-05,0.10793457832187414,0,0.03646488102943598,0.03295839804959542,0.610681292481423,4.985592750017531e-05,0.1094444990158081,2195.2109805664572,0.0,0.03697157379671504,0.0,-0.9898458492292651,0.12298642075620592,1.1541703810956172,-0.6670795031694348,0.02777853627503646,8.680824875831604,coffee_false,false
0.06849399685178477,0.2617135778896173,11.30851334350769,-0.6663587093353271,0.7839066386222839,4,0.3186728094827101,0.04347276514601531,0.14485761279245057,0.17013340536868782,0.49829167127609253,2.9288291144433747,0.0,0.22146389845563266,-0.4738630522042513,-0.6155758448565085,0.2983278466272168,1.6933102280740708,1.504117143195474,0.19384992029608838,6.136683434247971,olympics_true,true
0.04764180770575584,0.21827003391614672,10.56714450747071,-0.5068753957748413,0.6406691484153271,4,0.27579958337654326,0.03583478892072717,0.14150792830640474,0.17013340536868782,0.43218761682510376,2.5402866393845605,0.0,0.2022044227518823,-0.39412139542400837,-0.5836312947278511,0.27841548825381324,1.462782861421324,0.8455955465292231,0.17699787905530684,6.216103062033653,olympics_false,false
0.04768675015603696,0.218372961137676,10.037840336598219,-0.5252010226249695,0.687408484518528,5,0.29250443667910986,0.014698313111027043,0.030202716352428913,0.18577284771223881,0.20807844152053198,1.120069181104644,0.0,0.283798613532781,-0.43084748461842537,-0.8746341219920313,0.23846311256703404,1.2219358367418247,0.7524886899045646,0.2522951816784674,7.290057328012255,us_currency_true,true
0.05433065848559272,0.2330893787489956,11.204979773429393,-0.5252010226249695,0.687408484518528,5,0.2734349426980316,-0.008318920437037983,0.008491760044483874,0.18577284771223881,0.08766580807665984,0.4718978532603642,0.0,0.23864387599132897,-0.43084748461842537,-0.6030499138665671,0.26552811037335133,1.3515026083507473,0.8218952697204456,0.21215763719717667,7.14924254682329,us_currency_false,false
0.0824579413323393,0.287154908250476,9.014615332923993,-0.6592505872249603,0.7783520054072142,6,0.35818297617743156,0.010067597952487026,0.00819460417397621,0.30089441272987943,0.30904695950448513,1.0270943770538372,0.0,0.2807534889616363,-0.5233422517776489,-0.7347539665189722,0.33637769484064645,0.9885723944065886,-0.6469011496321353,0.24959773763475823,6.12459311220381,statue_liberty_true,true
0.052926528049456065,0.23005766244456208,6.85078047739142,-0.3874850571155548,0.5352863669395447,5,0.24539396366318605,-0.015306248981254439,0.0232393215496863,0.09187309234584973,0.14222907030489296,1.5481036560157502,0.0,0.22906859727611714,-0.32904811203479767,-0.7015362089811883,0.2650587657117285,1.2123515375582623,0.44283996074345033,0.20047408927393917,6.7730037569999695,statue_liberty_false,false
0.09714885610099205,0.31168711250385706,11.837737238068085,-0.6499118208885193,0.5383442938327789,5,0.30650446236217654,0.07546235555474237,0.4835896222451836,0.029174247344296116,0.5990836123625437,20.534672351237326,0.0,0.2925525626326109,-0.5836203284561634,-0.8108737070987604,0.34946225662133656,1.1963712169368694,0.3181816200730463,0.2634269759684685,5.81319270953536,largest_planet_true,true
0.08815939548412982,0.29691647897031553,12.832030172789496,-0.6511859595775604,0.6048415005207062,5,0.2758019583222146,0.07261043590084282,0.49338214974421973,0.03719418492012968,0.5732259949048361,15.411710045390247,0.0,0.2672193359919927,-0.4986504949629307,-0.8235841375916881,0.3070240915811155,1.4625862263875657,1.2627074603638562,0.24108255597529932,6.304733037948608,largest_planet_false,false
0.009005474027252262,0.0948971760762788,5.429119955028872,-0.15586228668689728,0.1941965567857551,2,0.09471194518300763,0.03571973473626713,0.2833608637964367,5.9985468396916986e-05,0.06716936826705933,1119.7588030275556,0.25,0.1614304778765169,-0.15586228668689728,-0.6718520357130027,0.10127557059749961,0.25385306526203744,-1.7186962307773141,0.09691274237047764,8.478668022155762,moon_orbit_true,true
0.0031025672705564606,0.055700693627247236,6.216035159512714,-6.912279786774889e-06,0.12850030700792558,0,0.04290428853952714,0.038630276950789265,0.6012352703262374,5.9985468396916986e-05,0.12875902652740479,2146.5000660729334,0.3333333333333333,0.06445579983483185,0.0,-0.5711520825644757,0.09168840886559337,1.1546929269309336,-0.6666725341164343,0.03228270117597276,8.822817206382751,moon_orbit_false,false
0.08917355835873007,0.29861942059874486,8.601645125064916,-0.8194805383682251,0.6484088599681854,5,0.3201451519271359,0.06864780108818584,0.2774447221254608,0.097774961264804,0.5857201814651489,5.990492589199737,0.2857142857142857,0.3757818775367923,-0.8194805383682251,-0.824762665009925,0.3304418502666522,1.6947339518705775,1.7574190698365566,0.25960795961873373,5.264879730064422,num_planets_true,true
0.08873520141499955,0.2978845437665398,8.632448323570186,-0.765325129032135,0.6917596161365509,5,0.3085002351394256,0.07229255426656371,0.3092078445192816,0.09728848089434905,0.6153893172740936,6.325407807629746,0.14285714285714285,0.3108635626801212,-0.765325129032135,-0.8336415832725866,0.3230886839191953,1.7436210590248105,1.9166526182982304,0.2576469841715152,5.2322714435867965,num_planets_false,false
0.0012897156880334838,0.03591261182416957,4.045399334572139,-0.08964124228805304,0.05411219969391823,0,0.06041757258390135,0.008924656892486383,0.12351482018498457,9.896573465084657e-05,0.06248677149415016,631.3974081520631,0.0,0.053142149561608676,-0.08964124228805304,-0.7661257042831626,0.04029014045372605,0.2664954832407899,-1.2865208053953228,0.04261268538393779,9.864094924926757,sun_type_true,true
0.001267621236407701,0.03560366886161735,4.285782573268298,-0.09546120092272758,0.05411219969391823,0,0.057934551581638516,0.004028260773338843,0.0256021032023819,9.896573465084657e-05,0.04091477021574974,413.4231814453732,0.0,0.04629415958333993,-0.09546120092272758,-0.5888709731179564,0.04395487019792199,0.5973037794709297,-0.8719570042258757,0.03713429340132279,9.826348209381104,sun_type_false,false
0.013486770172862851,0.11613255431989279,4.615485128405122,-0.30959707871079445,0.31517224471463123,5,0.17722597496049275,0.0082532733004579,0.03367078467712535,0.11788444068467167,0.175864660491546,1.4918394600758322,0.0,0.14507337651593843,-0.29326327331364155,-0.597111533831954,0.19777262821379635,0.5856976417737311,-1.1375465308283585,0.129033545972359,7.440919346279568,lightspeed_const,settled
0.08528482837555584,0.2920356628488306,9.683521497700665,-0.8967133862897754,0.9061448156135157,5,0.396064074743273,0.008867070418394482,0.004840027603237042,0.00566227495437488,0.1590400030836463,28.087650556778627,0.14285714285714285,0.32012595325553167,-0.6075924844481051,-0.8118689702276641,0.2866857062326744,1.2351769565661799,0.5615419507114496,0.24202339512703475,6.005900293588638,water_h2o,settled
0.07308911219013955,0.27034998093238244,11.541952613989627,-0.4079500436782837,0.6712646550222416,4,0.20541573351025968,-0.003069691712858689,0.0010636305076015507,0.22382971332990564,0.2235282522936662,0.9986531674833519,0.0,0.27122855283313485,-0.35872522462159395,-0.6436571166993128,0.31882169377058744,0.6999567508621979,-0.9369255229452809,0.24414077212568372,5.708023571968079,earth_orbit_year,settled
0.020837420224720248,0.14435172401021143,4.408432135972157,-0.3128468282520771,0.34037304599769413,4,0.16934891700414786,0.03413920145768705,0.22372924548229456,0.0014769886765861884,0.24346373975276947,164.83790778390005,0.0,0.14400159471551888,-0.3128468282520771,-0.7212567669600127,0.2030891372955271,0.6301635443610405,-1.3788784880705087,0.12345912251372024,6.891444001879011,dna_genetic,settled
0.0424373949627882,0.20600338580418576,4.590301776888156,-0.48701660707592964,0.5203850748075638,5,0.280963400253313,0.024921922497378547,0.09757152805286703,0.00576050894111783,0.2583194642017285,44.84316617817538,0.125,0.1905894437565751,-0.4801856866106391,-0.7854425853312417,0.1981198505188028,0.9947412556456908,-0.791419391685876,0.1501812743574394,6.9117240111033125,gravity_fall,settled
0.07487600077748628,0.27363479453002004,7.853755026666824,-0.5780484974384308,0.5623807609081268,8,0.2624659812513178,0.03776698384310973,0.30955322298425964,0.1793872630671558,0.5707895755767822,3.1818846304874597,0.0,0.28963559808632383,-0.4669046976293127,-0.8308541301019267,0.338883177894916,1.1304090542612977,0.8793988970987696,0.2689553245564379,5.589243879807847,boiling_point,settled
0.025866627818398474,0.16083105365071285,4.965557784751871,-0.310851588845253,0.46283892542123795,5,0.21410278896135942,0.03659900455247788,0.27186796454842105,0.12001704145222902,0.36334794014692307,3.0274695613855913,0.0,0.16559706149356707,-0.2551278378814459,-0.7733258813676648,0.16437691892497241,1.1783248283881904,0.4505952275682903,0.15641776425763965,6.489527732133865,antibiotics,settled
0.056317492395891185,0.23731306832092325,7.829445866240145,-0.3428948223590851,0.5495433211326599,4,0.2000207667988434,0.05290217740111985,0.3312932039073694,0.05161489675325962,0.4410594155391057,8.545196104780196,0.0,0.21873805377981625,-0.31606293469667435,-0.7391314054509797,0.21965856477618217,1.4701074319009644,0.9523907394235307,0.19491707038509454,6.953413168589274,genome_genes,settled
0.08886056337019001,0.29809488987600913,9.969483973726012,-0.9112509162805509,0.8380999937653542,4,0.328829953518127,0.04036209316250417,0.15124890780619027,0.048384128526474036,0.2972058864349189,6.142631785917885,0.0,0.2257208171811524,-0.6235195980261778,-0.9422227334713261,0.2067050025332719,1.4525426744703998,0.6384811799120427,0.20338728745409754,7.3636089026927944,climate_human,mostly_settled
0.07367799146326763,0.27143690143985144,7.721821519746166,-0.6924100127071142,0.697068480309099,6,0.39451974238424253,0.015146186921364541,0.02568755652850698,0.005483341170474887,0.2549886746952931,46.502426553000184,0.4444444444444444,0.24210321434075013,-0.5821350569409939,-0.8215664150719253,0.24191299634985625,1.016034886277617,-0.7869154816217447,0.18502776852692476,7.410854959487915,evolution,mostly_settled
0.14100955908624102,0.37551239538295006,12.077956081191001,-0.8500036203549826,0.8434891374781728,7,0.3038681881298544,0.054157925856246604,0.33800946170552654,0.07870681215717923,0.7599751427769661,9.65577338202571,0.46153846153846156,0.4506350563554276,-0.6523105156265956,-0.752757807171067,0.4135430836280908,0.7409084837429637,-1.1968196493745087,0.30905141288686927,4.927978585873332,big_bang,mostly_settled
0.011419627511240987,0.10686265723460646,3.4822161482876095,-0.13543269783258438,0.2427295376546681,2,0.07791194244637153,0.019169217239620843,0.32177834979124,0.007416189667613556,0.16601968044415116,22.38611546446099,0.0,0.10913618769263848,-0.12154127983376384,-0.8316622196480751,0.11173249577934091,0.4398094688485844,-1.6066952620565051,0.09968980427683247,7.6380156603726475,vaccines,mostly_settled
0.12645265542360742,0.3556018214571003,11.21653508593927,-0.850621297955513,0.8613858744502068,6,0.3835470008699404,0.0636619916945523,0.2644152127668576,0.0022717752362950705,0.3703078006704648,163.0037067284928,0.2222222222222222,0.4245727068971194,-0.8390339352190495,-0.8578865936013139,0.32746869502589104,0.8838276591368852,-0.8518106811911572,0.2979258340092201,6.1294192492961885,smoking_cancer,mostly_settled
0.06411009871349034,0.25319972099804994,7.014365086463036,-0.785699765663594,0.7901097517460585,8,0.31304118545267556,0.029854219931251837,0.19463146240990137,0.026082416326971725,0.23311813932377845,8.93775083978461,0.4166666666666667,0.28536118310720276,-0.43144001907330676,-0.8163782552394107,0.2329826123224428,1.200318065839794,0.20042734180269228,0.19022130944834387,6.958028316497803,plate_tectonics,mostly_settled
0.07304421678344508,0.2702669361639434,8.060058920670421,-0.6019978821277618,0.8468980428297073,3,0.28511704283300787,0.07193367328173259,0.3719100743800835,0.006317822204437107,0.5483468025922775,86.79364125312054,0.0,0.21635409866991853,-0.6019978821277618,-0.816613491680446,0.2432601077016443,1.6604829876416718,1.5536409463450038,0.1894952821021434,6.353742316365242,exercise_mental,mostly_settled
0.06723531264415727,0.2592977297319768,11.77582202278233,-0.8849676568061113,0.9071558928117156,6,0.31606100939139153,-0.0013401907745023867,0.0003183395593821766,0.13552342674552165,0.07060726778581738,0.5209967710328053,0.0,0.21413071120390337,-0.5082381434816247,-0.8001840106970126,0.22177169633020336,1.7238630172394063,2.165233209105157,0.1962968577253529,7.211825788021088,dinosaur_asteroid,mostly_settled
0.04034592856122851,0.20086295965465736,9.145926063868906,-0.48687563359271735,0.4867328309919685,5,0.20789239534642548,0.03467348271938549,0.2979855580884706,0.010644877484689156,0.3013821312536796,28.31240931198368,0.7,0.3002154400649791,-0.3663864167756401,-0.8234520629015692,0.2337785656987266,0.7566691032518915,-1.2493423570840236,0.156346451819197,7.019299637187611,poverty_cash,contested
0.06898849860752691,0.26265661729247736,7.27157502572834,-0.4671644866466522,0.8881738673662767,7,0.262591033482088,0.046276714603447754,0.3699160163808675,0.020309111298047355,0.3669189390784595,18.0667155685471,0.09090909090909091,0.2259020361365401,-0.3785234291572124,-0.7638610400319865,0.23819366646542525,1.5138438009003392,1.4445581503880742,0.18848623373863424,6.6597479830185575,agi_timeline,contested
0.081152211122937,0.2848722715936688,8.26626918313155,-0.5314758606255054,0.8573795789852738,6,0.33642973235982937,0.0447884245386707,0.24719018063689205,0.0012866878241766244,0.41022380410383147,318.8215233824793,0.0,0.23146994464332238,-0.482614988150696,-0.9235976546961017,0.24679302322593602,1.110858565334112,-0.08313235718739076,0.210886161316673,6.834541396661238,nuclear_climate,contested
0.0530710845188647,0.23037162264233998,6.72191338481389,-0.7463946430070791,0.725990790873766,3,0.2060425393218692,0.023166874135583358,0.08343165609214688,0.0072807900529975695,0.12218482811780025,16.781808780396673,0.6666666666666666,0.12214835883545068,-0.7463946430070791,-0.8349259213650337,0.1829677981324494,2.0473143755540355,2.727979939104036,0.11555730402760674,7.569059205055237,free_will,contested
0.009534621973660354,0.09764538890116806,7.113171839730878,-0.005351452506147325,0.29675909818615764,1,0.04482847630944369,0.024753264042374212,0.337381118289939,0.0006219901260919869,0.148642644577194,238.9790680653092,0.0,0.044198777148267254,0.0,-0.5210117424057443,0.14452972530853003,2.266302048225247,3.1390909721287565,0.03871925165367429,7.7427831292152405,ubi,contested
0.016396729432137803,0.12804971468979462,2.6382427964226034,-0.313800822943449,0.29158321022987366,5,0.1901762533024238,0.014714087265372546,0.10893398045200033,0.07461953664945516,0.23412869994839033,3.1376327185534274,0.2222222222222222,0.15390839636945333,-0.24933738601733543,-0.7326772509991701,0.16731043783947824,0.6573671466672804,-1.1499870425647358,0.13020245740553946,6.996218729019165,quantum_consciousness,contested
0.018561479454838384,0.1362405206054292,4.105224518648401,-0.4337301163322991,0.37082211673259735,3,0.16164335492390414,0.015166144230963916,0.1022331454774828,0.062119193375110626,0.09647408741390488,1.5530479714383167,0.7777777777777778,0.14435058388335165,-0.2883493599438225,-0.7046012842766808,0.1539738248102367,1.2485924069891396,0.4567863427007248,0.11164820963604143,7.760658264160156,social_media_democracy,contested
0.02452584838403937,0.15660730629200978,4.946563773758442,-0.5378013064037077,0.5365069074323401,3,0.14946241496099075,0.013069233986383412,0.08299100411406861,0.0300936569692567,0.101269654227508,3.36514947300851,0.8181818181818182,0.17763933820242528,-0.5378013064037077,-0.64331348188697,0.1461651271674782,2.0465134314684335,2.899634604826937,0.08941758613582351,7.587852716445923,gene_editing,contested
0.07425636653648589,0.27250021382833056,8.37388991212958,-0.8143231607973576,0.7262068688869476,8,0.34921091087934736,0.0192372808243509,0.059389335533308295,0.09746488116070395,0.32467598002403975,3.33120992735404,0.6363636363636364,0.32467170306654225,-0.6042219124986635,-0.7754793895044086,0.2894966989212359,1.3257755388481114,0.5615825127926706,0.21741187141291599,6.523636693755786,dark_matter,unknown
0.02405089730289977,0.155083517186385,4.819592942255806,-0.20186492800712585,0.4204227067530155,2,0.12885592053394898,0.049407441479117895,0.5328595446788276,0.009141886359429918,0.36748655140399933,40.19810933277721,0.0,0.14257795589427197,-0.20186492800712585,-0.5301813453430148,0.2465040059760213,1.258204022055304,0.24279683944807484,0.12481055091120652,6.394522130489349,alien_life,unknown
0.1288378873718093,0.358939949534472,12.08176413282257,-0.9485085266060196,0.9384084306657314,7,0.5530192333923575,0.011118567702325175,0.00791604115646547,0.3199656306581649,0.30404095474417164,0.9502300419696346,0.8888888888888888,0.2889032178063644,-0.7813951979963653,-0.7950080168252129,0.3995693903416395,0.8611435881518893,-0.9651841246121728,0.2748394596535945,5.713161772489547,consciousness_physics,unknown
0.021114824261348055,0.1453094087158435,5.0006026008063715,-0.46604368556290865,0.46537182154133916,4,0.15008226572859307,0.001031123836627089,0.0004154206975502277,0.0650566801050445,0.057199461181880906,0.8792250234964442,0.2222222222222222,0.09694015550485346,-0.3298181444115471,-0.5111319555066764,0.18882798636332154,1.7524918063974215,1.9124099965566872,0.08745728031935869,7.328949689865112,extra_dimensions,unknown
0.008559432379034738,0.09251720044961768,5.607458349717984,-0.2901779859967064,0.2637196686118841,2,0.10563497897237539,0.01772477948591889,0.24469520400594633,0.005340011150110513,0.08031008145189844,15.039309411611521,0.75,0.12032195922802202,-0.2901779859967064,-0.25227235468743786,0.17792175099667576,1.3755758422971973,0.6841320490024017,0.07222151321346043,7.359400855170356,heat_death,unknown
0.003931233770001156,0.06269955159330214,4.237390634272538,-0.01244957186281681,0.18874185532331467,1,0.03311973589643458,0.012985857870565573,0.28597045185720454,0.01471241577382898,0.07648465138239165,5.198646642285686,0.0,0.0357967661038856,0.0,-0.3818868087685069,0.18915915696157348,2.3845456198430663,3.861448971704922,0.03186081985687553,6.878913111156887,quantum_encryption,unknown
0.0058704271501835575,0.07661871279383096,5.607610590044544,-0.15276983752846718,0.17301706597208977,2,0.0738024061881463,0.02354268929329486,0.49568039533584385,0.0071976144554355415,0.10999967716634274,15.28279630968464,0.0,0.06304850310438528,-0.15276983752846718,-0.5453534589113926,0.1796581210801378,1.083231704737242,-0.7264096301926295,0.055187827191275574,6.931220531463623,mars_colonies,unknown
0.025766964465392974,0.160520915974813,4.290089175229658,-0.35415437980555,0.41010091081261635,7,0.21678232603699144,0.016007012139380095,0.09943912406693882,0.11250928814236734,0.16588997344175974,1.4744558074565348,0.0,0.14179191880321013,-0.28096907516010106,-0.7399594091966426,0.1855311646041545,0.7904457344982149,-1.1055328018870092,0.12891630820343958,7.195149074901234,unified_theory,unknown
