item_id,text,is_true,category,source,pair_id,conf_160m,conf_410m,conf_1b,conf_1.4b,conf_2.8b,conf_6.9b,conf_12b
truth_abundant_element_false,Iron is the most abundant element in the Earth's crust.,0,general_fact,exp2_truth,truth_abundant_element,0.25788920118727465,0.2990330724384297,0.39827882862565195,0.3440170202573592,0.3865865206515247,0.38880383037030697,0.384244861504571
truth_abundant_element_true,Oxygen is the most abundant element in the Earth's crust.,1,general_fact,exp2_truth,truth_abundant_element,0.22106837262617773,0.2371234848348346,0.34205819681907695,0.29881982260364265,0.31094265747621347,0.27758459342779435,0.3322398948560779
truth_australia_capital_false,The capital of Australia is Sydney.,0,general_fact,exp2_truth,truth_australia_capital,0.11183576074593778,0.15067572470191712,0.11629020960632867,0.13300507457825006,0.13660901222950392,0.1301221172204047,0.1599441298264234
truth_australia_capital_true,The capital of Australia is Canberra.,1,general_fact,exp2_truth,truth_australia_capital,0.3321810403285781,0.3669535338085552,0.32441239193212823,0.36059071991167,0.38101207530235115,0.4091412576435687,0.41778197464736877
truth_berlin_wall_false,The Berlin Wall fell in 1975.,0,general_fact,exp2_truth,truth_berlin_wall,0.08077659203991061,0.11273847294372293,0.15029436212898872,0.1413558453659789,0.17232101497575059,0.1534880937233538,0.1670189382721977
truth_berlin_wall_true,The Berlin Wall fell in 1989.,1,general_fact,exp2_truth,truth_berlin_wall,0.08643640038644662,0.20252824644861298,0.19979156153870767,0.27282181259761273,0.2606666402080009,0.2438811982228799,0.2587389242750457
truth_chromosomes_false,Humans have 30 pairs of chromosomes.,0,general_fact,exp2_truth,truth_chromosomes,0.14447811073374137,0.1608293103849324,0.2499364681726937,0.19356996995858416,0.3108282195691053,0.32661873612960335,0.2794535577746241
truth_chromosomes_true,Humans have 23 pairs of chromosomes.,1,general_fact,exp2_truth,truth_chromosomes,0.12272985472580851,0.16461762871144206,0.2745582268619598,0.24692703383334447,0.3969272669658364,0.44987483406293904,0.40047965313767364
truth_circle_degrees_false,There are 400 degrees in a circle.,0,general_fact,exp2_truth,truth_circle_degrees,0.06480024220633952,0.09655684794831489,0.1482076045836688,0.11583555041371645,0.10439176460619949,0.12784016998401576,0.199142750608319
truth_circle_degrees_true,There are 360 degrees in a circle.,1,general_fact,exp2_truth,truth_circle_degrees,0.07473310559258348,0.11281824875940012,0.14737860772636072,0.20150650567042508,0.31183223960137446,0.3146509508016087,0.3099123639746852
truth_coffee_false,Coffee contains nicotine.,0,general_fact,exp2_truth,truth_coffee,0.02777853627503646,0.023763422479532892,0.020560586446663365,0.044445045408792794,0.031249353143721237,0.02728171259877854,0.035761993429332506
truth_coffee_true,Coffee contains caffeine.,1,general_fact,exp2_truth,truth_coffee,0.04059185037203861,0.042134334613365354,0.04032379658019636,0.06086241335287923,0.08973264378983004,0.07740472964360379,0.07371040232101223
truth_declaration_false,The Declaration of Independence was signed in 1676.,0,general_fact,exp2_truth,truth_declaration,0.15413483925577667,0.19203743539926815,0.2463308002067303,0.21592667798621631,0.27800223398379686,0.2187793116217007,0.2901763512676957
truth_declaration_true,The Declaration of Independence was signed in 1776.,1,general_fact,exp2_truth,truth_declaration,0.19929620737416875,0.3201762940948861,0.32694101010161425,0.3494473479238675,0.35737638590904275,0.34496988644847687,0.35156748646679464
truth_diamond_composition_false,Diamonds are made of silicon.,0,general_fact,exp2_truth,truth_diamond_composition,0.059875556866505315,0.11674672604671546,0.09443922151279237,0.09000607077697557,0.132671114090564,0.1136171989408987,0.15163461125588842
truth_diamond_composition_true,Diamonds are made of carbon.,1,general_fact,exp2_truth,truth_diamond_composition,0.04838803144437926,0.11688055483890432,0.09561010949047548,0.09861424232700042,0.16068419704346784,0.17488453124782868,0.2239226332333471
truth_dolphins_false,Dolphins are fish.,0,general_fact,exp2_truth,truth_dolphins,0.01859883800671014,0.03329913540073903,0.044543845602220244,0.04755923923221417,0.03493996434008295,0.03563554288302839,0.05159156258741859
truth_dolphins_true,Dolphins are mammals.,1,general_fact,exp2_truth,truth_dolphins,0.04828013740461756,0.043456628372950945,0.052247583033135925,0.039495624165283516,0.03367237331440265,0.028582844710399513,0.030655768103315495
truth_earth_orbit_false,The Sun orbits the Earth.,0,general_fact,exp2_truth,truth_earth_orbit,0.1022149329084641,0.1486117655128055,0.17086566340085482,0.22784213629074657,0.2506575744131624,0.19709378792340432,0.20808253770683222
truth_earth_orbit_true,The Earth orbits the Sun.,1,general_fact,exp2_truth,truth_earth_orbit,0.09273477625247324,0.24537990333337803,0.2881041824701242,0.27496191986138,0.29391226259176617,0.2675695587488008,0.2825306848215405
truth_france_capital_false,The capital of France is Berlin.,0,general_fact,exp2_truth,truth_france_capital,0.10946702517442948,0.14320382526299605,0.10878024400153663,0.15013932234311747,0.12341869558561787,0.13417347688179385,0.1345592335225471
truth_france_capital_true,The capital of France is Paris.,1,general_fact,exp2_truth,truth_france_capital,0.10847909362685944,0.16508083497077072,0.1403365410369588,0.25219447331983247,0.18742211693461286,0.2056698586748098,0.23276806097904532
truth_gold_symbol_false,The chemical symbol for gold is Ag.,0,general_fact,exp2_truth,truth_gold_symbol,0.0532643855959967,0.18048154993760232,0.16082845514756627,0.11295987258199602,0.27225533086207826,0.2076531634219074,0.22492467318703088
truth_gold_symbol_true,The chemical symbol for gold is Au.,1,general_fact,exp2_truth,truth_gold_symbol,0.08179958436552884,0.2277415804429828,0.21788128085816943,0.23516972817014903,0.39959411654022653,0.36028547405918027,0.3603459208409601
truth_great_wall_false,The Great Wall of China is in Japan.,0,general_fact,exp2_truth,truth_great_wall,0.1797926711369655,0.24266026887926273,0.23537235217008856,0.2087809765325801,0.22142500454901892,0.22358891430485528,0.19298170207548537
truth_great_wall_true,The Great Wall of China is in China.,1,general_fact,exp2_truth,truth_great_wall,0.17453968698828248,0.2432606691145338,0.23917583483125782,0.2229733707063133,0.2272594839305384,0.23807949654292315,0.21160335255990503
truth_heart_chambers_false,The heart has six chambers.,0,general_fact,exp2_truth,truth_heart_chambers,0.03986668811412528,0.1253431975725107,0.14940341480541974,0.17413888770970515,0.19924737458932212,0.12102072797715664,0.18006321442662737
truth_heart_chambers_true,The heart has four chambers.,1,general_fact,exp2_truth,truth_heart_chambers,0.03709370798896998,0.09306306578218937,0.12398359341314062,0.148321186209796,0.1446796618110966,0.1469676630513277,0.17433765692985617
truth_human_lungs_false,Humans have three lungs.,0,general_fact,exp2_truth,truth_human_lungs,0.04819584846263751,0.0495448027679231,0.12726660808548332,0.06797731018159539,0.1321195749565959,0.08361723222769797,0.07673464564140886
truth_human_lungs_true,Humans have two lungs.,1,general_fact,exp2_truth,truth_human_lungs,0.05281064682640135,0.049561759561765936,0.12943106521852316,0.06373144807294011,0.1343556609004736,0.08727545896545053,0.07251713210716844
truth_japan_capital_false,The capital of Japan is Beijing.,0,general_fact,exp2_truth,truth_japan_capital,0.10433169871006005,0.14811006915927769,0.11233200045050278,0.1363878875890805,0.13170623140467796,0.12025735852027235,0.1446024629525103
truth_japan_capital_true,The capital of Japan is Tokyo.,1,general_fact,exp2_truth,truth_japan_capital,0.1142612357919764,0.18303162404239023,0.137384926090211,0.20778995776951584,0.18786232176110693,0.20583438612084137,0.2393918600961721
truth_largest_ocean_false,The largest ocean is the Atlantic Ocean.,0,general_fact,exp2_truth,truth_largest_ocean,0.16343707419166872,0.155938424481844,0.19446191799943335,0.19608522898384503,0.1959488780869703,0.2167883671562387,0.1788559015944234
truth_largest_ocean_true,The largest ocean is the Pacific Ocean.,1,general_fact,exp2_truth,truth_largest_ocean,0.177223512512033,0.1836229097555458,0.19164265076480141,0.2357711350279195,0.22159529535565525,0.2971762202422334,0.2951856694687324
truth_largest_organ_false,The largest organ in the human body is the liver.,0,general_fact,exp2_truth,truth_largest_organ,0.2533884714532178,0.39925240994198247,0.41591136674687734,0.3544020766334143,0.4047254671197152,0.38268299810297324,0.4436071326723322
truth_largest_organ_true,The largest organ in the human body is the skin.,1,general_fact,exp2_truth,truth_largest_organ,0.24921070590498856,0.38658946184441445,0.4109965157258557,0.35067639988265,0.4144930579554057,0.3849402334511979,0.4126647261669859
truth_largest_planet_false,Mars is the largest planet in our solar system.,0,general_fact,exp2_truth,truth_largest_planet,0.24108255597529932,0.3125598446902586,0.3440498484298587,0.31234770340379325,0.3316197294858284,0.34023254955536686,0.34253068929538133
truth_largest_planet_true,Jupiter is the largest planet in our solar system.,1,general_fact,exp2_truth,truth_largest_planet,0.2634269759684685,0.3600987013007398,0.4014724895969266,0.38097216207534074,0.3814884523497312,0.41783644460883806,0.44055750025981977
truth_light_vs_sound_false,Sound travels faster than light.,0,general_fact,exp2_truth,truth_light_vs_sound,0.14045206579321529,0.20236066982270132,0.19829207080765626,0.21627570723940154,0.24787988858734025,0.24266132085422215,0.1975132650123669
truth_light_vs_sound_true,Light travels faster than sound.,1,general_fact,exp2_truth,truth_light_vs_sound,0.15574408103857423,0.17619870005364646,0.168974448141671,0.27180069341011404,0.32067705544941416,0.22241887037953348,0.2761801371418187
truth_longest_river_false,The longest river in the world is the Thames.,0,general_fact,exp2_truth,truth_longest_river,0.18782248296742587,0.24148107450875816,0.281958386950363,0.24874535356624014,0.23774380523860195,0.2676321468324103,0.2721117389608278
truth_longest_river_true,The longest river in the world is the Nile.,1,general_fact,exp2_truth,truth_longest_river,0.1927707651161149,0.25154258082006387,0.3073570992580951,0.25972086031793473,0.2663398094640191,0.3004018372812425,0.3038946720577466
truth_mona_lisa_false,The Mona Lisa was painted by Michelangelo.,0,general_fact,exp2_truth,truth_mona_lisa,0.22384338920528535,0.3526907129140454,0.36931508529523854,0.3696595727786189,0.3742702962612384,0.34536684365739345,0.35312093713291687
truth_mona_lisa_true,The Mona Lisa was painted by Leonardo da Vinci.,1,general_fact,exp2_truth,truth_mona_lisa,0.32124035362843034,0.4361589437600439,0.5197654500880162,0.500343429960291,0.5097443461236253,0.4870576055024382,0.5106136524348889
truth_moon_landing_false,The first moon landing was in 1959.,0,general_fact,exp2_truth,truth_moon_landing,0.07330763716579115,0.10532736829814635,0.13401251961464108,0.12274772034808328,0.0962243815832023,0.11317309310106793,0.12544329091750633
truth_moon_landing_true,The first moon landing was in 1969.,1,general_fact,exp2_truth,truth_moon_landing,0.07586461915031707,0.11189773623898093,0.22618271619999827,0.20158507428381459,0.18222853194934682,0.18994883772497165,0.21587699651562225
truth_moon_orbit_false,The Moon orbits Mars.,0,general_fact,exp2_truth,truth_moon_orbit,0.03228270117597276,0.018962751757499063,0.02631880697708766,0.0172207278865244,0.015312545267988753,0.016725377243346884,0.008672466030475334
truth_moon_orbit_true,The Moon orbits the Earth.,1,general_fact,exp2_truth,truth_moon_orbit,0.09691274237047764,0.24413759457238485,0.2038939599387959,0.27540599882340755,0.29696728794733646,0.2983744357989053,0.2911859386091237
truth_num_planets_false,There are twelve planets in our solar system.,0,general_fact,exp2_truth,truth_num_planets,0.2576469841715152,0.3562528752954677,0.37708971895699506,0.3458634589151188,0.3634587053638825,0.38583951587133924,0.4095604119975178
truth_num_planets_true,There are eight planets in our solar system.,1,general_fact,exp2_truth,truth_num_planets,0.25960795961873373,0.3702032139408402,0.3920433571765898,0.34712108921667095,0.3680588503048057,0.39598088926868513,0.39241123574902304
truth_olympics_false,The Olympic Games are held every three years.,0,general_fact,exp2_truth,truth_olympics,0.17699787905530684,0.2738475251642285,0.3036809368645663,0.28642685096792775,0.2854554248931436,0.27877223282712293,0.2608707292793042
truth_olympics_true,The Olympic Games are held every four years.,1,general_fact,exp2_truth,truth_olympics,0.19384992029608838,0.3840269803583851,0.4199672101062788,0.4014137848885184,0.40364993098933155,0.39026323166626753,0.3763761444906777
truth_photosynthesis_false,Plants produce nitrogen through photosynthesis.,0,general_fact,exp2_truth,truth_photosynthesis,0.17492909832591458,0.1794965138958235,0.20509432316092507,0.2348655609779858,0.20171850000042468,0.19313704275659152,0.18168797763064504
truth_photosynthesis_true,Plants produce oxygen through photosynthesis.,1,general_fact,exp2_truth,truth_photosynthesis,0.16925475896070047,0.21664721796488656,0.2921376665388899,0.29562324777777704,0.2724872739885801,0.27559424191713333,0.2897733083393957
truth_pi_value_false,Pi is approximately 4.14159.,0,general_fact,exp2_truth,truth_pi_value,0.056716946953591627,0.0752021806718923,0.06811315662343986,0.07126877842321326,0.06820298077738178,0.07077214644024414,0.06831998171972893
truth_pi_value_true,Pi is approximately 3.14159.,1,general_fact,exp2_truth,truth_pi_value,0.05231908417356733,0.08045488595650697,0.07509376992155532,0.07930011222405094,0.07691488380909764,0.08046263063858662,0.07708411526566904
truth_roman_fall_false,The Roman Empire fell in 276 AD.,0,general_fact,exp2_truth,truth_roman_fall,0.06732107594299512,0.1306622513199857,0.11937959100708083,0.12864405373459573,0.1266725783581413,0.11063785485540782,0.12393355141687477
truth_roman_fall_true,The Roman Empire fell in 476 AD.,1,general_fact,exp2_truth,truth_roman_fall,0.07135751660150293,0.11445058131773424,0.13196382506118556,0.1732430477152645,0.205605067412502,0.1910616389525655,0.19529296745375696
truth_shakespeare_false,Shakespeare wrote The Odyssey.,0,general_fact,exp2_truth,truth_shakespeare,0.17419051270311078,0.1798323524708394,0.18100790494706112,0.17704974696137774,0.18862728961660954,0.17724669784123157,0.1734324199690794
truth_shakespeare_true,Shakespeare wrote Hamlet.,1,general_fact,exp2_truth,truth_shakespeare,0.19125772960978793,0.21386062916135415,0.21158910738304257,0.21566864352207632,0.22016653325408697,0.20743609252385795,0.20689591793343426
truth_speed_of_light_false,"The speed of light is approximately 300,000 miles per second.",0,general_fact,exp2_truth,truth_speed_of_light,0.2608954793801483,0.35851476557339385,0.3897752973637883,0.40944456558888004,0.44167529053932714,0.44578814711409603,0.42112922209344106
truth_speed_of_light_true,"The speed of light is approximately 300,000 kilometers per second.",1,general_fact,exp2_truth,truth_speed_of_light,0.24394298126268646,0.3663098821270978,0.39047435678063874,0.4218986233220979,0.44376638663258444,0.4372305033727268,0.43752046401641564
truth_spider_legs_false,Spiders have six legs.,0,general_fact,exp2_truth,truth_spider_legs,0.04922206209448632,0.16640961368163212,0.20684998525333262,0.11152606352212995,0.18033841588718738,0.1728041181043712,0.1418195183844849
truth_spider_legs_true,Spiders have eight legs.,1,general_fact,exp2_truth,truth_spider_legs,0.04989333775544461,0.15925535517514314,0.20598591786680723,0.10815705137307911,0.18588760660835155,0.18958042388294416,0.1612573585928961
truth_sqrt_144_false,The square root of 144 is 14.,0,general_fact,exp2_truth,truth_sqrt_144,0.12710929205059074,0.21538530936335779,0.16874612995837066,0.18084224406006147,0.29801459093349486,0.2233191663222637,0.2834952154147946
truth_sqrt_144_true,The square root of 144 is 12.,1,general_fact,exp2_truth,truth_sqrt_144,0.1366089472888104,0.22672494408678695,0.17148064071859284,0.1746427870093612,0.29506095194561305,0.24951930462079222,0.30388434542120585
truth_statue_liberty_false,The Statue of Liberty is in Chicago.,0,general_fact,exp2_truth,truth_statue_liberty,0.20047408927393917,0.2504642671322017,0.2580872096286839,0.2548250263694172,0.29218741028307704,0.29282630086345307,0.272737673946267
truth_statue_liberty_true,The Statue of Liberty is in New York.,1,general_fact,exp2_truth,truth_statue_liberty,0.24959773763475823,0.3437905503845589,0.32604398012901786,0.3718547951713036,0.37857687456724104,0.4061063642054958,0.3778555935738647
truth_sun_type_false,The Sun is a planet.,0,general_fact,exp2_truth,truth_sun_type,0.03713429340132279,0.04085883956868201,0.046015940274810416,0.04865768162417226,0.042764052958227695,0.04643779343459755,0.04936186017584987
truth_sun_type_true,The Sun is a star.,1,general_fact,exp2_truth,truth_sun_type,0.04261268538393779,0.04724249683786184,0.0506838365283329,0.049947005027206615,0.050749559444375335,0.04939865169581026,0.06221956785884686
truth_tallest_mountain_false,Mount Kilimanjaro is the tallest mountain on Earth.,0,general_fact,exp2_truth,truth_tallest_mountain,0.17760117347036916,0.36865931541228747,0.3716573881864254,0.3534027502443375,0.431639930782391,0.3796259950078517,0.39251859556194785
truth_tallest_mountain_true,Mount Everest is the tallest mountain on Earth.,1,general_fact,exp2_truth,truth_tallest_mountain,0.24942926296353107,0.2867342902158271,0.35539467207272535,0.3928950761008309,0.42727381630684247,0.4354125399957411,0.4230350008117966
truth_triangle_sides_false,A triangle has four sides.,0,general_fact,exp2_truth,truth_triangle_sides,0.06319194958869048,0.0643669950444746,0.10848107787260233,0.09837518828917383,0.08918810190225486,0.12915288071671965,0.14531820343781873
truth_triangle_sides_true,A triangle has three sides.,1,general_fact,exp2_truth,truth_triangle_sides,0.06577742380413838,0.05571952989739657,0.09032673838028131,0.1086554243322098,0.11207899229193571,0.17664715388382318,0.18364082427669928
truth_us_currency_false,The currency of the United States is the pound.,0,general_fact,exp2_truth,truth_us_currency,0.21215763719717667,0.254224062141778,0.2653951575933509,0.2509861102072237,0.25944029157391113,0.24972957899869166,0.24764407223604698
truth_us_currency_true,The currency of the United States is the dollar.,1,general_fact,exp2_truth,truth_us_currency,0.2522951816784674,0.3395524116749584,0.36571435106250444,0.3494830619003753,0.37651077012600986,0.30426436118533373,0.3645696846215287
truth_water_boiling_false,Water boils at 50 degrees Celsius at sea level.,0,general_fact,exp2_truth,truth_water_boiling,0.29608100769989204,0.31077522224040877,0.2744513297893718,0.35464395348526523,0.30752273999193375,0.3572950444537734,0.4299037012563834
truth_water_boiling_true,Water boils at 100 degrees Celsius at sea level.,1,general_fact,exp2_truth,truth_water_boiling,0.3018609471416009,0.29307360466251947,0.2661054780564882,0.36073429083762676,0.3035128962850043,0.3656432144813759,0.4592271497998202
truth_ww2_end_false,World War II ended in 1952.,0,general_fact,exp2_truth,truth_ww2_end,0.1308304403986161,0.187313187130106,0.17980638001851426,0.1684086796764556,0.17768350260060592,0.2065758581253855,0.21648746713860115
truth_ww2_end_true,World War II ended in 1945.,1,general_fact,exp2_truth,truth_ww2_end,0.1380210894664439,0.27378677868303686,0.29020358714236255,0.2209030040927852,0.25675509035742533,0.24569213716313243,0.2842581396301587
med_adult_bones_false,The human body has 150 bones in adulthood.,0,medical,exp9_medical,med_adult_bones,0.06851413915683224,0.06921432495892077,0.07377021796128247,0.06919738224951288,0.09789436928235773,0.08860299416755879,0.07525346200600325
med_adult_bones_true,The human body has 206 bones in adulthood.,1,medical,exp9_medical,med_adult_bones,0.06783633755139817,0.08537827145801202,0.11287105758810867,0.1666416852140742,0.16094081534839688,0.18662100580513652,0.18214235837876913
med_alcohol_liver_false,Excessive alcohol consumption strengthens the liver.,0,medical,exp9_medical,med_alcohol_liver,0.23843624379355788,0.27245211956426374,0.2581453694939455,0.2706293896509919,0.24805545136439378,0.2572740168460541,0.27641911416424136
med_alcohol_liver_true,Excessive alcohol consumption damages the liver.,1,medical,exp9_medical,med_alcohol_liver,0.10797984233587547,0.1704940898531017,0.1877278863144706,0.19884199352236465,0.19282438438884647,0.2037477938491585,0.2122382583828377
med_antihistamines_false,Antihistamines are used to treat bacterial infections.,0,medical,exp9_medical,med_antihistamines,0.17993283475807403,0.17844962939998368,0.1904320443281904,0.25495904971612615,0.31765161273942794,0.25990307409065283,0.2954398977824894
med_antihistamines_true,Antihistamines are used to treat allergic reactions.,1,medical,exp9_medical,med_antihistamines,0.11133802620752249,0.1666118351757177,0.23050461899256333,0.23998921362217515,0.32651739481370895,0.29332760847173633,0.3389728129841387
med_aspirin_inflammation_false,Aspirin increases inflammation and relieves pain.,0,medical,exp9_medical,med_aspirin_inflammation,0.20831285816388523,0.28415542862138765,0.2696324161019624,0.32701343038019737,0.29734459414066805,0.2886874699648211,0.32320812599047916
med_aspirin_inflammation_true,Aspirin reduces inflammation and relieves pain.,1,medical,exp9_medical,med_aspirin_inflammation,0.21040495468514564,0.2949743899791631,0.2994366307592726,0.33196283100364277,0.31214478097960335,0.2959454419970926,0.3377751045619435
med_brain_energy_false,The brain uses approximately 5 percent of the body's energy.,0,medical,exp9_medical,med_brain_energy,0.2133714557937558,0.22358173672744835,0.25289311211169907,0.2883404011544454,0.3127598404958421,0.3088596298819704,0.3565712531245398
med_brain_energy_true,The brain uses approximately 20 percent of the body's energy.,1,medical,exp9_medical,med_brain_energy,0.22023184440596114,0.2188818637514487,0.2577332818909781,0.2928635561799059,0.3299965629597533,0.36077730153126386,0.4153774884338914
med_chromosome_count_false,Humans typically have 30 pairs of chromosomes.,0,medical,exp9_medical,med_chromosome_count,0.15823661704598635,0.15223140838497784,0.20553443736571353,0.173509309614019,0.2896156896240427,0.2934240607137326,0.22123142966302112
med_chromosome_count_true,Humans typically have 23 pairs of chromosomes.,1,medical,exp9_medical,med_chromosome_count,0.1454176700822245,0.16806503254883864,0.2271360590839322,0.2781052637838002,0.3300722671847325,0.4044863633462228,0.3622952570767666
med_dna_structure_false,DNA is a single-stranded structure.,0,medical,exp9_medical,med_dna_structure,0.11044128259111728,0.17780735622259922,0.19190006420415426,0.21548958641609975,0.22504230601979153,0.23601065045555256,0.24775883693447603
med_dna_structure_true,DNA is a double helix structure.,1,medical,exp9_medical,med_dna_structure,0.045145384424055614,0.041885683157791696,0.05350445855098466,0.061982682129989065,0.049454303147892155,0.04397777281701565,0.06944724855323632
med_handwashing_false,Handwashing has no effect on the spread of infectious diseases.,0,medical,exp9_medical,med_handwashing,0.2160339190522791,0.24264808711692845,0.25422835495555773,0.25386697641321615,0.2688675009412691,0.28166528987882583,0.31053271395891596
med_handwashing_true,Handwashing reduces the spread of infectious diseases.,1,medical,exp9_medical,med_handwashing,0.19184097527694474,0.23686549300327897,0.294140117314075,0.27269343029992243,0.2505460424872581,0.2958198974212994,0.3462154727118711
med_heart_chambers_false,The human heart has three chambers.,0,medical,exp9_medical,med_heart_chambers,0.033527286621392705,0.10589561907787963,0.07203417073469609,0.10103601081452022,0.0799936997743013,0.08788366030300192,0.1070503684944318
med_heart_chambers_true,The human heart has four chambers.,1,medical,exp9_medical,med_heart_chambers,0.037214057262948096,0.10921948249354803,0.10094500849178682,0.11555911154331018,0.13882201376448697,0.14567913662661644,0.16555587505960526
med_hiv_target_false,HIV attacks the immune system by targeting red blood cells.,0,medical,exp9_medical,med_hiv_target,0.25950768355887704,0.2994896809454076,0.32039045152341716,0.3162733696080977,0.31924358678261344,0.32189782209788975,0.3442763928496788
med_hiv_target_true,HIV attacks the immune system by targeting CD4 cells.,1,medical,exp9_medical,med_hiv_target,0.1852647966317818,0.20041424740338698,0.1909143924844102,0.2126449677743949,0.22869686542908313,0.22499911240629444,0.27648190865129435
med_insulin_source_false,Insulin is produced by the liver.,0,medical,exp9_medical,med_insulin_source,0.15849295930404747,0.17269457580654748,0.17519277640219247,0.17119144954319512,0.19229275227657386,0.15603130590170622,0.17029731554378355
med_insulin_source_true,Insulin is produced by the pancreas.,1,medical,exp9_medical,med_insulin_source,0.13087627298331686,0.15052540304272302,0.25668470707855057,0.2277553016319871,0.23351572161274298,0.19604819028505258,0.20176725621734345
med_iron_anemia_false,Iron deficiency can cause diabetes.,0,medical,exp9_medical,med_iron_anemia,0.0481602913889219,0.053749796529882585,0.04692496264760848,0.04459525155252777,0.04734903519274667,0.05698287594132125,0.0526436596061103
med_iron_anemia_true,Iron deficiency can cause anemia.,1,medical,exp9_medical,med_iron_anemia,0.049267475349188315,0.05066310364345554,0.0645758461294463,0.053769766597542915,0.05448636416113004,0.08711632257327437,0.06615259698592127
med_largest_internal_organ_false,The kidney is the largest internal organ in the human body.,0,medical,exp9_medical,med_largest_internal_organ,0.33962184107671917,0.4130202024058566,0.40352999425877817,0.41356041270509275,0.4416691407328802,0.38427938191175187,0.3947054798124803
med_largest_internal_organ_true,The liver is the largest internal organ in the human body.,1,medical,exp9_medical,med_largest_internal_organ,0.341042316887152,0.3939346159445863,0.41282779034008854,0.411902190924593,0.45056923632496776,0.449195376203451,0.42253283054808644
med_longest_bone_false,The humerus is the longest bone in the human body.,0,medical,exp9_medical,med_longest_bone,0.2260021968216582,0.4037355996221474,0.45062489720415516,0.43214775281649054,0.4713677834762772,0.4441084869282956,0.46323183320024935
med_longest_bone_true,The femur is the longest bone in the human body.,1,medical,exp9_medical,med_longest_bone,0.2389590138395306,0.39089278640813063,0.4238293798895711,0.40717393190707296,0.4524308488319093,0.4478804726383032,0.47667634636213735
med_malaria_transmission_false,Malaria is transmitted by houseflies.,0,medical,exp9_medical,med_malaria_transmission,0.06812721880851313,0.1913214919098079,0.166403530496869,0.16187158593392528,0.1754923863518018,0.18229746494931273,0.1444067453367747
med_malaria_transmission_true,Malaria is transmitted by mosquitoes.,1,medical,exp9_medical,med_malaria_transmission,0.08264176405888672,0.17882617913225354,0.1883294734482964,0.17755385084698597,0.17176158974568048,0.1912724650464952,0.13934403378516436
med_neuron_communication_false,Neurons communicate only through electrical signals.,0,medical,exp9_medical,med_neuron_communication,0.07523575761115353,0.14535533784510335,0.1972364028915763,0.16192478015000233,0.16675116002443247,0.2027192179884878,0.20011811612494057
med_neuron_communication_true,Neurons communicate through electrical and chemical signals.,1,medical,exp9_medical,med_neuron_communication,0.05605594776069564,0.19713633455750015,0.25115520752862924,0.28056246176775956,0.2718777425794138,0.355754162159024,0.3299105509520612
med_penicillin_use_false,Penicillin is used to treat viral infections.,0,medical,exp9_medical,med_penicillin_use,0.22541713370234598,0.2810063816786068,0.22830403470450417,0.2374681410995739,0.27229477047351086,0.22737374951248057,0.2364303428904451
med_penicillin_use_true,Penicillin is used to treat bacterial infections.,1,medical,exp9_medical,med_penicillin_use,0.21477788972970302,0.29006859846392924,0.24695120895194123,0.2715184339265559,0.30601061954318237,0.27350385226115276,0.294976979338066
med_rabies_transmission_false,Rabies is transmitted through contaminated water.,0,medical,exp9_medical,med_rabies_transmission,0.07256889742347994,0.0651360204356024,0.050576848443597555,0.0652539775473997,0.04438997700344771,0.06360083795152605,0.06466968305176124
med_rabies_transmission_true,Rabies is transmitted through animal bites.,1,medical,exp9_medical,med_rabies_transmission,0.06118832533684326,0.10647803505707998,0.09879703272599727,0.1448949180339696,0.12536729086423293,0.18770760190091096,0.15540047833928838
med_red_blood_cells_false,Red blood cells carry carbon dioxide throughout the body.,0,medical,exp9_medical,med_red_blood_cells,0.26848638153670534,0.2718263488018743,0.34250722830054453,0.23320401125238277,0.30817387784999384,0.2902035336818598,0.3775819456657498
med_red_blood_cells_true,Red blood cells carry oxygen throughout the body.,1,medical,exp9_medical,med_red_blood_cells,0.21576785889192251,0.31882496104935854,0.35993278865134926,0.30812470239106915,0.37285062124283286,0.39088982004250283,0.4395160892017884
med_scurvy_cause_false,Scurvy is caused by vitamin D deficiency.,0,medical,exp9_medical,med_scurvy_cause,0.22258085947315623,0.3264906551372001,0.29207694692053743,0.26990456398966167,0.2848885026930172,0.2699201023286959,0.2961742774326315
med_scurvy_cause_true,Scurvy is caused by vitamin C deficiency.,1,medical,exp9_medical,med_scurvy_cause,0.1519698941814972,0.27185802121271585,0.24440704282096704,0.2616184918414446,0.3539822594846353,0.3638278274463826,0.39608953622599885
med_smoking_cancer_false,Smoking decreases the risk of lung cancer.,0,medical,exp9_medical,med_smoking_cancer,0.2840387354797258,0.31059631165135215,0.3005522091698367,0.3263187822558393,0.3126902841613628,0.33579659810857265,0.3441325406074611
med_smoking_cancer_true,Smoking increases the risk of lung cancer.,1,medical,exp9_medical,med_smoking_cancer,0.36013834721961757,0.37500076916330727,0.3911450082086958,0.4218118695280282,0.41116905061062425,0.4059935457080428,0.4086024945427198
med_tuberculosis_cause_false,Tuberculosis is caused by a virus.,0,medical,exp9_medical,med_tuberculosis_cause,0.1531892339407932,0.1790254508741782,0.1948126948918798,0.1863796579564223,0.18934691218601074,0.17427049570687814,0.1786957736549084
med_tuberculosis_cause_true,Tuberculosis is caused by bacteria.,1,medical,exp9_medical,med_tuberculosis_cause,0.1687246154262019,0.1828705253761395,0.2044053358840756,0.19822625448328576,0.20099417802079447,0.1940673912260016,0.1829701881589634
med_type1_diabetes_false,Type 1 diabetes is caused by eating too much sugar.,0,medical,exp9_medical,med_type1_diabetes,0.1931891609230661,0.231200217102014,0.30849462603000577,0.2506358881459164,0.33626398975320626,0.2710740456182975,0.2515931576305775
med_type1_diabetes_true,Type 1 diabetes is an autoimmune disease.,1,medical,exp9_medical,med_type1_diabetes,0.11546575590883938,0.17446960119663604,0.21345205867796072,0.20895365389463091,0.2822995397894244,0.27938590102296856,0.29432017111685127
med_vaccine_mechanism_false,Vaccines work by directly killing pathogens in the bloodstream.,0,medical,exp9_medical,med_vaccine_mechanism,0.10597608044918161,0.15076844485399002,0.16140275756818787,0.16158905952640149,0.1640403268126344,0.17738622093747836,0.1668981643912654
med_vaccine_mechanism_true,Vaccines work by stimulating the immune system to produce antibodies.,1,medical,exp9_medical,med_vaccine_mechanism,0.1611970624702129,0.2739330411617023,0.31521622787840897,0.33411361272616585,0.3425407206644498,0.37949846010208904,0.3592096633922968
med_vitamin_d_sunlight_false,Vitamin D can only be obtained through diet.,0,medical,exp9_medical,med_vitamin_d_sunlight,0.13697687780950218,0.2436663689848501,0.23805368286557496,0.21898559953551738,0.2678912513889372,0.20302648812066765,0.22120568482205272
med_vitamin_d_sunlight_true,Vitamin D can be synthesized by the skin when exposed to sunlight.,1,medical,exp9_medical,med_vitamin_d_sunlight,0.20196477594851917,0.2905441104459377,0.29937980736472775,0.2651775180628257,0.34308042713174863,0.34916574822273105,0.3327307033884738
mandela_apollo_13_raw_correct,"Houston, we've had a problem",1,mandela,mandela_expanded,mandela_apollo_13,0.07397063627528648,0.10817409426090308,0.10348510059217612,0.08981831169997652,0.12212063863019769,0.12386767597248156,0.12628476024838164
mandela_apollo_13_raw_wrong,"Houston, we have a problem",0,mandela,mandela_expanded,mandela_apollo_13,0.06643386231735349,0.12260091550415382,0.19527836963534356,0.11674054022878408,0.17822499230969696,0.30448843650519847,0.4263077260693535
mandela_casablanca_play_it_raw_correct,"Play it, Sam",1,mandela,mandela_expanded,mandela_casablanca_play_it,0.02151769940004063,0.023078955787544448,0.01967340209133302,0.012226425887395939,0.020672827765035134,0.020275508286431432,0.031198771437630057
mandela_casablanca_play_it_raw_wrong,"Play it again, Sam",0,mandela,mandela_expanded,mandela_casablanca_play_it,0.03390461328672245,0.056801767233991995,0.05707713217998389,0.03778650134336203,0.2124648276658263,0.17761311022331938,0.24918601365061477
mandela_forrest_gump_chocolates_raw_correct,Life was like a box of chocolates,1,mandela,mandela_expanded,mandela_forrest_gump_chocolates,0.33305349831061903,0.40609664768271614,0.42465343850199133,0.4221117344277445,0.4484150938806124,0.4853373078512959,0.4946862879442051
mandela_forrest_gump_chocolates_raw_wrong,Life is like a box of chocolates,0,mandela,mandela_expanded,mandela_forrest_gump_chocolates,0.32694939481734764,0.4155662659322843,0.4582218916621059,0.5082353551406413,0.5059704447630793,0.5772160599008203,0.5975063147488981
mandela_mandela_death_raw_correct,Nelson Mandela died in 2013 after serving as president of South Africa,1,mandela,mandela_expanded,mandela_mandela_death,0.16933854417472433,0.27189020414964316,0.25934438360854983,0.3869082528287366,0.31694882966649646,0.3721300474627732,0.38456826678548867
mandela_mandela_death_raw_wrong,Nelson Mandela died in prison in the 1980s,0,mandela,mandela_expanded,mandela_mandela_death,0.1629480456089368,0.21844604103898746,0.2275929709430784,0.24674901622056494,0.24952074571046978,0.2610000965243671,0.24243282051756979
mandela_money_root_evil_raw_correct,The love of money is the root of all evil,1,mandela,mandela_expanded,mandela_money_root_evil,0.2057329027803563,0.38938317127516103,0.4448427412603956,0.5926202550245863,0.6731063998514502,0.6501724014508201,0.6598208063191527
mandela_money_root_evil_raw_wrong,Money is the root of all evil,0,mandela,mandela_expanded,mandela_money_root_evil,0.16414007577501857,0.4018860418194284,0.4182319824273388,0.38625733461230993,0.4809691223005454,0.4556239092101653,0.48559997230768204
mandela_risky_business_raw_correct,"In Risky Business, Tom Cruise dances in a pink button-down shirt without sunglasses",1,mandela,mandela_expanded,mandela_risky_business,0.17558169169266127,0.2136269560126473,0.25607704487759975,0.2592476736293012,0.2936026100045009,0.2942814575873506,0.2985806591212916
mandela_risky_business_raw_wrong,"In Risky Business, Tom Cruise dances in a white button-down shirt and sunglasses",0,mandela,mandela_expanded,mandela_risky_business,0.19947957694428034,0.24974694960982735,0.2799103799758213,0.28824871564756904,0.32255643685871693,0.3296760814920724,0.32412696309550965
mandela_sherlock_elementary_raw_correct,Elementary,1,mandela,mandela_expanded,mandela_sherlock_elementary,0.00016410968964919448,3.6480178096098825e-05,0.000378239928977564,8.169272769009694e-05,0.00017960291006602347,5.9047215472674e-05,0.0001066281329258345
mandela_sherlock_elementary_raw_wrong,"Elementary, my dear Watson",0,mandela,mandela_expanded,mandela_sherlock_elementary,0.005053206288721412,0.026746379987889667,0.12046895120874979,0.12915590824995887,0.09658056444604882,0.0712226263647608,0.25149068107566563
mandela_silence_of_lambs_raw_correct,"Good morning, Clarice",1,mandela,mandela_expanded,mandela_silence_of_lambs,0.19342858847176103,0.17146004757887567,0.1301949148219137,0.1700094489606272,0.18274529179143428,0.26027754139431636,0.253529406261805
mandela_silence_of_lambs_raw_wrong,"Hello, Clarice",0,mandela,mandela_expanded,mandela_silence_of_lambs,0.2157150009400842,0.14310907486651558,0.16608303805211713,0.15931050119979773,0.1999208166550185,0.23944402589889555,0.26848426661793684
mandela_snow_white_mirror_raw_correct,Magic mirror on the wall,1,mandela,mandela_expanded,mandela_snow_white_mirror,0.1127744036648437,0.1184631024243572,0.16837232292709814,0.20574731602005158,0.3629921316896798,0.2477180649893853,0.455665137512824
mandela_snow_white_mirror_raw_wrong,"Mirror, mirror on the wall",0,mandela,mandela_expanded,mandela_snow_white_mirror,0.039188047104107684,0.09311467808438464,0.3385814827401191,0.31161986098159106,0.35528446636744776,0.376337624900043,0.4710071896086447
mandela_star_trek_beam_raw_correct,"Scotty, beam us up",1,mandela,mandela_expanded,mandela_star_trek_beam,0.028109468218417533,0.051802787130630655,0.06526429637259905,0.08825984048413223,0.10321706194372382,0.10423144875555106,0.18961163939032608
mandela_star_trek_beam_raw_wrong,"Beam me up, Scotty",0,mandela,mandela_expanded,mandela_star_trek_beam,0.053970851994866585,0.20151804448687471,0.37058329170880216,0.35569417003231746,0.4809670182876289,0.4508220204152167,0.5175416618585587
mandela_star_wars_raw_correct,"No, I am your father",1,mandela,mandela_expanded,mandela_star_wars,0.06231128419749439,0.0833934721769765,0.10449646962806583,0.10605671252124012,0.10319934180006385,0.10883809234946966,0.09679416455328464
mandela_star_wars_raw_wrong,"Luke, I am your father",0,mandela,mandela_expanded,mandela_star_wars,0.032412406709045175,0.05708647798746824,0.06876554898917675,0.0806985355913639,0.0767863716930151,0.10131178572773933,0.1392281822860241
mandela_we_are_champions_raw_correct,"We Are the Champions does not end with ""of the world""",1,mandela,mandela_expanded,mandela_we_are_champions,0.12831679837950105,0.12956773484241543,0.1279237266723309,0.12955352819881227,0.1223064587902627,0.13085595187991808,0.13785113578175393
mandela_we_are_champions_raw_wrong,"We Are the Champions ends with ""of the world""",0,mandela,mandela_expanded,mandela_we_are_champions,0.09068240986989622,0.07832942166176053,0.07951703198353925,0.06177051253121135,0.1152633402733045,0.11927904374369973,0.14133486406053636
mandela_wizard_of_oz_toto_raw_correct,"Toto, I've a feeling we're not in Kansas anymore",1,mandela,mandela_expanded,mandela_wizard_of_oz_toto,0.05499008282761982,0.11996454316613381,0.155152617614173,0.17895212120129145,0.4312132600795546,0.19903177557716845,0.3348985961753594
mandela_wizard_of_oz_toto_raw_wrong,"Toto, I don't think we're in Kansas anymore",0,mandela,mandela_expanded,mandela_wizard_of_oz_toto,0.13991514932157853,0.17494882052547342,0.20005503259810872,0.19914630862529686,0.26125311960971553,0.23462150321310302,0.24914052245532564
settled_antibiotics,Antibiotics are effective against bacterial infections.,1,settled_science,exp3_settled,settled_antibiotics,0.15641776425763965,0.16771192499436438,0.1986473265569657,0.17671099747531116,0.17377984593622386,0.1731436236295849,0.16754238749854267
settled_boiling_point,The boiling point of water at sea level is 100 degrees Celsius.,1,settled_science,exp3_settled,settled_boiling_point,0.2689553245564379,0.39390446945461527,0.3946086041415973,0.4421767427247687,0.41492369555528186,0.4026536494944984,0.4839258276418669
settled_dna_genetic,DNA carries genetic information in living organisms.,1,settled_science,exp3_settled,settled_dna_genetic,0.12345912251372024,0.08762629536015863,0.19690427073562336,0.11769933894954322,0.17995796539772918,0.16948185958504577,0.23947156769593544
settled_earth_orbit_year,The Earth revolves around the Sun once per year.,1,settled_science,exp3_settled,settled_earth_orbit_year,0.24414077212568372,0.3342059020404122,0.3940024379728129,0.3668287363499985,0.36965630638296715,0.40343110845642516,0.43028701571456623
settled_genome_genes,"The human genome contains approximately 20,000 genes.",1,settled_science,exp3_settled,settled_genome_genes,0.19491707038509454,0.24163744863471948,0.2885057380707521,0.2940144654195238,0.3023134238190121,0.3278891398771925,0.34869858273628374
settled_gravity_fall,Gravity causes objects to fall toward the Earth.,1,settled_science,exp3_settled,settled_gravity_fall,0.1501812743574394,0.24427074676653623,0.2900894597631931,0.23386537397325607,0.29400263581515496,0.3454162205647056,0.33145077574105625
settled_lightspeed_const,The speed of light in a vacuum is constant.,1,settled_science,exp3_settled,settled_lightspeed_const,0.129033545972359,0.21572098522059,0.23879458578287288,0.306063177911306,0.30873475548044854,0.34358545417570796,0.3259519190469291
settled_water_h2o,Water is composed of hydrogen and oxygen atoms.,1,settled_science,exp3_settled,settled_water_h2o,0.24202339512703475,0.2770698823078419,0.30760256315625156,0.3237434752518311,0.34743587995762937,0.35505786996145616,0.4277451825028038
